date,time,platform,filename,caption,alt_text
2025-09-01,09:15,x,x/20250907_prior-auth-maze_x.png,"ðŸ’¡ When prior auth tries to turn Tuesday into next month.

Built with #BurnaAI â€” clinical intelligence that saves time, boosts revenue, and keeps you compliant.
#HealthcareAI #ClinicalWorkflows #MedTwitter #HIT #CDI","Prior-Auth Maze: A labyrinth labeled 'Prior Auth', clinician holding stack of forms, AI guide pointing a shortcut. Caption: When prior auth tries to turn Tuesday into next month.."
2025-09-02,09:15,linkedin,linkedin/20250907_note-bloat-vs-clinical-signal_linkedin.png,"ðŸ’¡ Cut the fluff. Keep the medicine.

Built with #BurnaAI â€” clinical intelligence that saves time, boosts revenue, and keeps you compliant.
#HealthcareAI #ClinicalWorkflows #MedTwitter #HIT #CDI",Note Bloat vs Clinical Signal: Two jars: 'Noise' overflowing with repeated phrases vs 'Signal' small but glowing; a filter labeled 'BurnaAI'. Caption: Cut the fluff. Keep the medicine..
2025-09-03,09:15,instagram,instagram/20250907_cdi-treasure-hunt_instagram.png,"ðŸ’¡ Found revenue where the ICDs hide.

Built with #BurnaAI â€” clinical intelligence that saves time, boosts revenue, and keeps you compliant.
#HealthcareAI #ClinicalWorkflows #MedTwitter #HIT #CDI",CDI Treasure Hunt: Pirate map across a patient chart with hidden HCCs as gold coins; AI compass points to missed codes. Caption: Found revenue where the ICDs hide..
2025-09-04,09:15,x,x/20250907_weekend-on-call_x.png,"ðŸ’¡ On-call doesnâ€™t have to mean on-keyboard.

Built with #BurnaAI â€” clinical intelligence that saves time, boosts revenue, and keeps you compliant.
#HealthcareAI #ClinicalWorkflows #MedTwitter #HIT #CDI",Weekend On-Call: Clinician sipping coffee while AI writes a clean SOAP note on a floating screen. Caption: On-call doesnâ€™t have to mean on-keyboard..
2025-09-05,09:15,linkedin,linkedin/20250907_ehr-tabs-overload_linkedin.png,"ðŸ’¡ From tab-sprawl to clinical story.

Built with #BurnaAI â€” clinical intelligence that saves time, boosts revenue, and keeps you compliant.
#HealthcareAI #ClinicalWorkflows #MedTwitter #HIT #CDI",EHR Tabs Overload: 100 browser/EHR tabs; AI bundles them into one sane timeline. Caption: From tab-sprawl to clinical story..
2025-09-06,09:15,instagram,instagram/20250907_ctcae-boss-fight_instagram.png,"ðŸ’¡ Grading AEs like itâ€™s level 10 loot.

Built with #BurnaAI â€” clinical intelligence that saves time, boosts revenue, and keeps you compliant.
#HealthcareAI #ClinicalWorkflows #MedTwitter #HIT #CDI",CTCAE Boss Fight: Video-game boss labeled 'AE Grading'; AI teammate highlights CTCAE criteria and recommended actions. Caption: Grading AEs like itâ€™s level 10 loot..
2025-09-07,09:15,x,x/20250907_discharge-ping-pong_x.png,"ðŸ’¡ From ping-pong to touchdown.

Built with #BurnaAI â€” clinical intelligence that saves time, boosts revenue, and keeps you compliant.
#HealthcareAI #ClinicalWorkflows #MedTwitter #HIT #CDI",Discharge Ping-Pong: Patient discharge tasks bouncing between teams; AI smooths a conveyor to 'Home'. Caption: From ping-pong to touchdown..
2025-09-08,09:15,linkedin,linkedin/20250907_dictation-gremlins_linkedin.png,"ðŸ’¡ From mumbles to medicine.

Built with #BurnaAI â€” clinical intelligence that saves time, boosts revenue, and keeps you compliant.
#HealthcareAI #ClinicalWorkflows #MedTwitter #HIT #CDI",Dictation Gremlins: Little gremlins turning voice notes into gibberish; AI cleans and structures them. Caption: From mumbles to medicine..
2025-09-09,09:15,instagram,instagram/20250907_readmission-crystal-ball_instagram.png,"ðŸ’¡ Predict. Prevent. Repeat.

Built with #BurnaAI â€” clinical intelligence that saves time, boosts revenue, and keeps you compliant.
#HealthcareAI #ClinicalWorkflows #MedTwitter #HIT #CDI",Readmission Crystal Ball: Clinician with a crystal ball predicting readmission risk; AI annotates the factors. Caption: Predict. Prevent. Repeat..
2025-09-10,09:15,x,x/20250907_compliance-copilot_x.png,"ðŸ’¡ Ship fast, document faster.

Built with #BurnaAI â€” clinical intelligence that saves time, boosts revenue, and keeps you compliant.
#HealthcareAI #ClinicalWorkflows #MedTwitter #HIT #CDI","Compliance Copilot: AI checklist hovering next to chart: HIPAA, SOC2, audit-ready. Caption: Ship fast, document faster.."
2025-09-11,09:15,linkedin,linkedin/20250907_vitals-to-value_linkedin.png,"ðŸ’¡ Data in. Insight out.

Built with #BurnaAI â€” clinical intelligence that saves time, boosts revenue, and keeps you compliant.
#HealthcareAI #ClinicalWorkflows #MedTwitter #HIT #CDI","Vitals to Value: Vitals and labs pouring into a funnel, out comes 'Clinical Intelligence'. Caption: Data in. Insight out.."
2025-09-12,09:15,instagram,instagram/20250907_revenue-crisis-circle_instagram.png,"ðŸ’¡ Close the loop. Keep the revenue.

Built with #BurnaAI â€” clinical intelligence that saves time, boosts revenue, and keeps you compliant.
#HealthcareAI #ClinicalWorkflows #MedTwitter #HIT #CDI",Revenue Crisis Circle: A cycle diagram with leakage points; AI patches each. Caption: Close the loop. Keep the revenue..
2025-09-13,09:15,x,x/20250907_team-huddle-buff_x.png,"ðŸ’¡ Huddles that actually save time.

Built with #BurnaAI â€” clinical intelligence that saves time, boosts revenue, and keeps you compliant.
#HealthcareAI #ClinicalWorkflows #MedTwitter #HIT #CDI",Team Huddle Buff: Clinician huddle with AI speech bubbles summarizing each patient in 1 line. Caption: Huddles that actually save time..
2025-09-14,09:15,linkedin,linkedin/20250907_denial-dragon_linkedin.png,"ðŸ’¡ Slay denials with documentation.

Built with #BurnaAI â€” clinical intelligence that saves time, boosts revenue, and keeps you compliant.
#HealthcareAI #ClinicalWorkflows #MedTwitter #HIT #CDI",Denial Dragon: A dragon labeled 'Claim Denials'; AI shields made of CDI rules. Caption: Slay denials with documentation..
2025-09-15,09:15,instagram,instagram/20250907_note-time-reclaimed_instagram.png,"ðŸ’¡ Give time back to care.

Built with #BurnaAI â€” clinical intelligence that saves time, boosts revenue, and keeps you compliant.
#HealthcareAI #ClinicalWorkflows #MedTwitter #HIT #CDI","Note Time Reclaimed: Clock with reclaimed slices going to 'Patients', 'Teaching', 'Life'. Caption: Give time back to care.."
2025-09-16,09:15,x,x/20250907_interoperability-tetris_x.png,"ðŸ’¡ All the pieces, finally fitting.

Built with #BurnaAI â€” clinical intelligence that saves time, boosts revenue, and keeps you compliant.
#HealthcareAI #ClinicalWorkflows #MedTwitter #HIT #CDI","Interoperability Tetris: Blocks labeled HL7, FHIR, CCD fitting into a clean timeline. Caption: All the pieces, finally fitting.."
2025-09-17,09:15,linkedin,linkedin/20250907_curbside-consult-upgraded_linkedin.png,"ðŸ’¡ Fewer scribbles, more care.

Built with #BurnaAI â€” clinical intelligence that saves time, boosts revenue, and keeps you compliant.
#HealthcareAI #ClinicalWorkflows #MedTwitter #HIT #CDI","Curbside Consult, Upgraded: Hallway consult; AI instantly drafts follow-up tasks & orders. Caption: Fewer scribbles, more care.."
2025-09-18,09:15,instagram,instagram/20250907_clinic-flow-zen_instagram.png,"ðŸ’¡ Queue less. Care more.

Built with #BurnaAI â€” clinical intelligence that saves time, boosts revenue, and keeps you compliant.
#HealthcareAI #ClinicalWorkflows #MedTwitter #HIT #CDI",Clinic Flow Zen: Chaotic waiting room transforms to calm flow with AI triage signs. Caption: Queue less. Care more..
2025-09-19,09:15,x,x/20250907_auditor-ready_x.png,"ðŸ’¡ Audit-ready by design.

Built with #BurnaAI â€” clinical intelligence that saves time, boosts revenue, and keeps you compliant.
#HealthcareAI #ClinicalWorkflows #MedTwitter #HIT #CDI",Auditor Ready: A magnifying glass labeled 'Auditor' finds green checks everywhere. Caption: Audit-ready by design..
2025-09-20,09:15,linkedin,linkedin/20250907_sepsis-early-signal_linkedin.png,"ðŸ’¡ Catch the whisper before the shout.

Built with #BurnaAI â€” clinical intelligence that saves time, boosts revenue, and keeps you compliant.
#HealthcareAI #ClinicalWorkflows #MedTwitter #HIT #CDI",Sepsis Early Signal: Faint red signal in labs becomes clear alert; timely orders. Caption: Catch the whisper before the shout..
2025-09-21,09:15,instagram,instagram/20250907_icu-hand-off-clarity_instagram.png,"ðŸ’¡ Shift change, not story change.

Built with #BurnaAI â€” clinical intelligence that saves time, boosts revenue, and keeps you compliant.
#HealthcareAI #ClinicalWorkflows #MedTwitter #HIT #CDI","ICU Hand-off Clarity: Messy hand-off notes become one crisp card. Caption: Shift change, not story change.."
2025-09-22,09:15,x,x/20250907_coding-crosswalk_x.png,"ðŸ’¡ Shortest path to clean claims.

Built with #BurnaAI â€” clinical intelligence that saves time, boosts revenue, and keeps you compliant.
#HealthcareAI #ClinicalWorkflows #MedTwitter #HIT #CDI",Coding Crosswalk: Road signs mapping symptoms â†’ diagnoses â†’ CPT/ICD. Caption: Shortest path to clean claims..
2025-09-23,09:15,linkedin,linkedin/20250907_order-sets-that-learn_linkedin.png,"ðŸ’¡ Practice-aware, patient-first.

Built with #BurnaAI â€” clinical intelligence that saves time, boosts revenue, and keeps you compliant.
#HealthcareAI #ClinicalWorkflows #MedTwitter #HIT #CDI","Order Sets That Learn: AI adjusts order sets based on real outcomes. Caption: Practice-aware, patient-first.."
2025-09-24,09:15,instagram,instagram/20250907_rounds-but-faster_instagram.png,"ðŸ’¡ See what changed, not just whatâ€™s there.

Built with #BurnaAI â€” clinical intelligence that saves time, boosts revenue, and keeps you compliant.
#HealthcareAI #ClinicalWorkflows #MedTwitter #HIT #CDI","Rounds, But Faster: Progress notes auto-summarized with deltas highlighted. Caption: See what changed, not just whatâ€™s there.."
2025-09-25,09:15,x,x/20250907_prior-auth-speedrun_x.png,"ðŸ’¡ Any% prior-auth PB.

Built with #BurnaAI â€” clinical intelligence that saves time, boosts revenue, and keeps you compliant.
#HealthcareAI #ClinicalWorkflows #MedTwitter #HIT #CDI",Prior Auth Speedrun: Speedrun timer; AI assembles perfect prior-auth packet. Caption: Any% prior-auth PB..
2025-09-26,09:15,linkedin,linkedin/20250907_query-whisperer_linkedin.png,"ðŸ’¡ Ask once, get clarity.

Built with #BurnaAI â€” clinical intelligence that saves time, boosts revenue, and keeps you compliant.
#HealthcareAI #ClinicalWorkflows #MedTwitter #HIT #CDI","Query Whisperer: CDI queries phrased politely and precisely. Caption: Ask once, get clarity.."
2025-09-27,09:15,instagram,instagram/20250907_safety-net_instagram.png,"ðŸ’¡ Because zero is the goal.

Built with #BurnaAI â€” clinical intelligence that saves time, boosts revenue, and keeps you compliant.
#HealthcareAI #ClinicalWorkflows #MedTwitter #HIT #CDI",Safety Net: AI catches missed allergies/med interactions. Caption: Because zero is the goal..
2025-09-28,09:15,x,x/20250907_clinic-growth-flywheel_x.png,"ðŸ’¡ Momentum you can measure.

Built with #BurnaAI â€” clinical intelligence that saves time, boosts revenue, and keeps you compliant.
#HealthcareAI #ClinicalWorkflows #MedTwitter #HIT #CDI",Clinic Growth Flywheel: Time saved â†’ more patients â†’ better revenue â†’ reinvest in care. Caption: Momentum you can measure..
2025-09-29,09:15,linkedin,linkedin/20250907_ambient-that-understands_linkedin.png,"ðŸ’¡ From talk to billable truth.

Built with #BurnaAI â€” clinical intelligence that saves time, boosts revenue, and keeps you compliant.
#HealthcareAI #ClinicalWorkflows #MedTwitter #HIT #CDI",Ambient That Understands: Mic turns into structured SOAP with HCC hints. Caption: From talk to billable truth..
2025-09-30,09:15,instagram,instagram/20250907_even-if-you-have-abridge_instagram.png,"ðŸ’¡ We play niceâ€”with upside.

Built with #BurnaAI â€” clinical intelligence that saves time, boosts revenue, and keeps you compliant.
#HealthcareAI #ClinicalWorkflows #MedTwitter #HIT #CDI",Even If You Have Abridge: Two tools shaking hands; AI layer adds revenue + compliance. Caption: We play niceâ€”with upside..